Ca_mV,N_mV,temp,K,K_mV,EC,N,time,pH,Ca,
-278.0,321.0,0.0,457.32,290.0,70.26,348.32,2015-04-07 15:13:53.529000,215.89,216.11,
-278.0,318.0,0.0,457.26,290.0,69.53,345.32,2015-04-07 15:13:54.535000,215.21,216.11,
-278.0,318.0,0.0,457.26,290.0,69.53,345.32,2015-04-07 15:13:55.539000,208.89,216.11,
-278.0,318.0,0.0,457.26,290.0,71.47,345.32,2015-04-07 15:13:56.545000,213.58,216.11,
-278.0,318.0,0.0,457.26,290.0,71.47,345.32,2015-04-07 15:13:57.741000,213.58,216.11,
-278.0,318.0,0.0,457.26,290.0,71.74,345.32,2015-04-07 15:13:58.749000,213.58,216.16,
-278.0,317.0,0.0,457.26,290.0,73.32,343.84,2015-04-07 15:13:59.756000,213.58,216.16,
-278.0,317.0,0.0,457.26,290.0,73.32,343.84,2015-04-07 15:14:00.760000,214.58,216.16,
-278.0,317.0,0.0,457.26,290.0,73.32,343.84,2015-04-07 15:14:01.766000,216.37,216.16,
-278.0,317.0,0.0,457.26,290.0,73.32,343.84,2015-04-07 15:14:02.935000,217.05,216.16,
-275.0,317.0,0.0,457.26,290.0,73.32,343.84,2015-04-07 15:14:03.944000,217.05,218.84,
-275.0,318.0,0.0,461.58,294.0,71.42,345.47,2015-04-07 15:14:04.954000,216.37,218.84,
-275.0,318.0,0.0,461.58,294.0,71.42,345.47,2015-04-07 15:14:05.957000,214.32,218.84,
-275.0,318.0,0.0,461.58,294.0,71.42,345.47,2015-04-07 15:14:06.964000,213.68,218.84,
-275.0,318.0,0.0,461.58,294.0,71.42,345.47,2015-04-07 15:14:08.156000,213.68,218.84,
-275.0,318.0,0.0,456.21,289.0,70.89,345.47,2015-04-07 15:14:09.164000,213.68,219.37,
-275.0,321.0,0.0,456.21,289.0,72.32,348.79,2015-04-07 15:14:10.172000,213.68,219.37,
-275.0,321.0,0.0,456.79,289.0,72.32,348.79,2015-04-07 15:14:11.176000,215.0,219.37,
-275.0,320.0,0.0,456.79,289.0,73.95,347.74,2015-04-07 15:14:12.183000,215.0,219.37,
-275.0,320.0,0.0,457.21,289.0,73.95,347.74,2015-04-07 15:14:13.351000,215.0,219.37,
-276.0,315.0,0.0,457.21,289.0,73.95,342.42,2015-04-07 15:14:14.356000,215.0,218.32,
-276.0,315.0,0.0,457.21,289.0,74.89,342.42,2015-04-07 15:14:15.360000,215.63,218.32,
-276.0,315.0,0.0,457.21,289.0,71.74,342.42,2015-04-07 15:14:16.366000,213.26,218.32,
-276.0,315.0,0.0,457.21,289.0,71.74,342.42,2015-04-07 15:14:17.370000,213.26,218.32,
-277.0,317.0,0.0,458.05,290.0,71.74,344.0,2015-04-07 15:14:18.629000,213.26,217.58,
-277.0,317.0,0.0,458.05,290.0,73.0,344.0,2015-04-07 15:14:19.635000,213.26,217.58,
-277.0,317.0,0.0,458.05,290.0,73.0,344.0,2015-04-07 15:14:20.639000,212.53,217.58,
-277.0,317.0,0.0,458.05,290.0,73.0,344.0,2015-04-07 15:14:21.643000,212.53,217.58,
-277.0,317.0,0.0,458.05,290.0,73.0,344.0,2015-04-07 15:14:22.646000,212.58,217.58,
-278.0,317.0,0.0,460.11,292.0,73.0,344.21,2015-04-07 15:14:23.793000,212.58,216.53,
-278.0,317.0,0.0,460.11,292.0,72.79,344.21,2015-04-07 15:14:24.797000,215.42,216.53,
-278.0,317.0,0.0,460.11,292.0,70.37,344.21,2015-04-07 15:14:25.801000,215.42,216.53,
-278.0,317.0,0.0,460.11,292.0,70.37,344.21,2015-04-07 15:14:26.805000,213.95,216.53,
-277.0,314.0,0.0,458.16,290.0,70.37,341.21,2015-04-07 15:14:27.809000,213.95,217.42,
-277.0,314.0,0.0,458.16,290.0,70.37,341.21,2015-04-07 15:14:28.897000,212.53,217.42,
-277.0,316.0,0.0,458.16,290.0,70.37,343.58,2015-04-07 15:14:29.904000,212.53,217.42,
-276.0,316.0,0.0,457.63,290.0,72.21,343.58,2015-04-07 15:14:30.908000,212.53,217.84,
-276.0,318.0,0.0,457.63,290.0,72.21,345.0,2015-04-07 15:14:31.912000,212.53,217.84,
-276.0,318.0,0.0,457.63,290.0,72.21,345.0,2015-04-07 15:14:32.916000,213.47,217.84,
-276.0,316.0,0.0,457.63,290.0,73.53,343.58,2015-04-07 15:14:33.995000,213.47,217.84,
-277.0,318.0,0.0,459.74,292.0,75.05,345.0,2015-04-07 15:14:34.998000,213.47,217.16,
-277.0,316.0,0.0,459.74,292.0,73.53,343.37,2015-04-07 15:14:36.002000,215.89,217.16,
-277.0,316.0,0.0,457.53,290.0,73.53,343.37,2015-04-07 15:14:37.008000,215.89,217.16,
-277.0,321.0,0.0,458.0,290.0,73.11,348.05,2015-04-07 15:14:38.014000,214.26,216.74,
-277.0,321.0,0.0,457.53,290.0,69.89,348.05,2015-04-07 15:14:39.263000,214.26,216.74,
-277.0,321.0,0.0,457.53,290.0,69.89,348.05,2015-04-07 15:14:40.269000,213.16,216.74,
-278.0,321.0,0.0,458.0,290.0,73.11,348.05,2015-04-07 15:14:41.274000,213.16,216.68,
-278.0,318.0,0.0,458.0,290.0,73.11,345.53,2015-04-07 15:14:42.278000,214.26,216.68,
-278.0,318.0,0.0,463.0,295.0,71.68,345.53,2015-04-07 15:14:43.284000,213.16,216.68,
-279.0,318.0,0.0,463.0,295.0,71.68,345.53,2015-04-07 15:14:44.553000,216.05,215.68,
-279.0,318.0,0.0,456.0,288.0,71.68,345.05,2015-04-07 15:14:45.558000,216.42,215.68,
-279.0,318.0,0.0,456.0,288.0,71.68,345.05,2015-04-07 15:14:46.562000,216.11,215.68,
-279.0,318.0,0.0,460.68,293.0,71.53,345.05,2015-04-07 15:14:47.565000,216.05,215.68,
-275.0,317.0,0.0,456.0,288.0,71.16,344.53,2015-04-07 15:14:48.569000,216.05,219.58,
-275.0,317.0,0.0,460.68,293.0,73.89,344.53,2015-04-07 15:14:49.639000,213.74,219.58,
-273.0,317.0,0.0,460.68,293.0,71.16,344.53,2015-04-07 15:14:50.648000,213.74,220.89,
-273.0,317.0,0.0,460.68,293.0,71.16,344.53,2015-04-07 15:14:51.655000,212.58,220.89,
-277.0,317.0,0.0,461.26,293.0,73.89,344.58,2015-04-07 15:14:52.659000,212.58,216.89,
-277.0,317.0,0.0,461.26,293.0,73.89,344.58,2015-04-07 15:14:53.665000,215.0,216.89,
-276.0,317.0,0.0,461.32,293.0,69.26,344.58,2015-04-07 15:14:54.671000,215.0,218.42,
-277.0,320.0,0.0,461.32,293.0,69.32,347.32,2015-04-07 15:14:55.678000,214.37,216.89,
-276.0,320.0,0.0,457.58,290.0,69.32,347.32,2015-04-07 15:14:56.682000,216.47,218.42,
-276.0,319.0,0.0,457.58,290.0,69.32,346.42,2015-04-07 15:14:57.685000,214.37,218.42,
-277.0,319.0,0.0,459.0,291.0,69.53,346.42,2015-04-07 15:14:58.692000,214.37,216.84,
-277.0,314.0,0.0,457.58,290.0,70.11,341.63,2015-04-07 15:14:59.863000,214.37,216.84,
-277.0,314.0,0.0,459.0,291.0,71.16,341.63,2015-04-07 15:15:00.872000,213.16,216.84,
-278.0,319.0,0.0,459.0,291.0,71.16,346.0,2015-04-07 15:15:01.879000,213.16,216.0,
-278.0,314.0,0.0,457.53,290.0,71.16,341.63,2015-04-07 15:15:02.883000,213.37,216.0,
-278.0,319.0,0.0,457.53,290.0,72.84,346.0,2015-04-07 15:15:03.890000,213.16,216.37,
-278.0,319.0,0.0,459.53,292.0,72.84,346.0,2015-04-07 15:15:04.920000,213.37,216.0,
-278.0,315.0,0.0,457.53,290.0,72.84,342.16,2015-04-07 15:15:05.928000,215.58,216.37,
-278.0,315.0,0.0,459.53,292.0,70.42,342.16,2015-04-07 15:15:06.934000,213.37,216.37,
-278.0,315.0,0.0,459.53,292.0,69.05,342.58,2015-04-07 15:15:07.941000,215.58,216.11,
-278.0,315.0,0.0,458.0,290.0,69.05,342.16,2015-04-07 15:15:08.948000,215.58,216.11,
-278.0,315.0,0.0,458.0,290.0,70.42,342.58,2015-04-07 15:15:09.998000,210.32,216.21,
-278.0,318.0,0.0,458.21,290.0,70.42,345.63,2015-04-07 15:15:11.009000,210.32,216.21,
-276.0,315.0,0.0,458.0,290.0,73.58,342.58,2015-04-07 15:15:12.018000,217.42,218.21,
-276.0,318.0,0.0,458.21,290.0,73.58,345.63,2015-04-07 15:15:13.021000,210.68,218.21,
-277.0,316.0,0.0,457.16,289.0,77.84,343.37,2015-04-07 15:15:15.030000,223.0,217.37,
-277.0,316.0,0.0,457.16,289.0,77.84,343.37,2015-04-07 15:15:17.039000,223.0,217.37,
-276.0,316.0,0.0,455.37,288.0,77.84,342.95,2015-04-07 15:15:18.043000,219.47,217.95,
-277.0,317.0,0.0,457.16,289.0,77.84,344.37,2015-04-07 15:15:19.049000,219.16,217.37,
-276.0,314.0,0.0,457.16,289.0,76.16,341.42,2015-04-07 15:15:20.196000,219.16,217.95,
-276.0,314.0,0.0,456.37,289.0,75.0,340.74,2015-04-07 15:15:21.202000,218.53,217.95,
-276.0,314.0,0.0,456.37,289.0,74.53,340.74,2015-04-07 15:15:22.209000,218.47,217.84,
-276.0,314.0,0.0,457.63,290.0,72.79,340.74,2015-04-07 15:15:23.213000,216.95,217.84,
-276.0,314.0,0.0,456.37,289.0,72.79,340.74,2015-04-07 15:15:24.220000,216.95,217.84,
-277.0,316.0,0.0,457.63,290.0,74.53,343.16,2015-04-07 15:15:25.265000,216.95,217.47,
-277.0,316.0,0.0,457.63,290.0,72.79,343.16,2015-04-07 15:15:26.271000,222.37,217.47,
-277.0,316.0,0.0,457.58,290.0,71.26,343.16,2015-04-07 15:15:27.277000,222.37,217.47,
-277.0,320.0,0.0,457.58,290.0,74.05,347.26,2015-04-07 15:15:28.281000,222.37,216.79,
-277.0,320.0,0.0,457.58,290.0,74.0,347.26,2015-04-07 15:15:29.287000,219.37,216.79,
-277.0,321.0,0.0,457.58,290.0,72.26,348.0,2015-04-07 15:15:30.344000,217.37,216.79,
-277.0,321.0,0.0,458.16,290.0,72.26,348.0,2015-04-07 15:15:31.360000,217.37,216.79,
-276.0,317.0,0.0,458.16,290.0,72.26,344.63,2015-04-07 15:15:32.364000,217.37,218.47,
-276.0,317.0,0.0,458.26,291.0,70.95,344.63,2015-04-07 15:15:33.378000,212.84,218.47,
-276.0,317.0,0.0,458.26,291.0,70.74,344.63,2015-04-07 15:15:34.384000,212.84,218.47,
-276.0,317.0,0.0,458.26,291.0,70.74,344.63,2015-04-07 15:15:35.390000,216.58,218.63,
-276.0,318.0,0.0,464.26,296.0,70.95,345.11,2015-04-07 15:15:36.394000,216.58,218.47,
-276.0,318.0,0.0,464.26,296.0,72.32,345.11,2015-04-07 15:15:37.400000,217.16,218.63,
-276.0,318.0,0.0,461.79,294.0,72.32,345.11,2015-04-07 15:15:38.407000,217.16,218.63,
-276.0,318.0,0.0,461.79,294.0,72.32,345.11,2015-04-07 15:15:39.413000,216.58,218.63,
-277.0,315.0,0.0,460.42,293.0,72.32,341.79,2015-04-07 15:15:40.531000,215.58,217.21,
-277.0,315.0,0.0,460.21,292.0,72.95,341.79,2015-04-07 15:15:41.540000,215.58,217.21,
-277.0,315.0,0.0,460.21,292.0,73.05,341.79,2015-04-07 15:15:42.546000,215.58,217.21,
-277.0,315.0,0.0,460.21,292.0,73.05,341.79,2015-04-07 15:15:43.549000,215.58,217.21,
-277.0,318.0,0.0,459.47,292.0,73.05,344.95,2015-04-07 15:15:44.556000,214.0,217.21,
-277.0,318.0,0.0,457.16,289.0,73.05,344.95,2015-04-07 15:15:45.686000,217.0,217.58,
-277.0,318.0,0.0,457.16,289.0,73.05,344.95,2015-04-07 15:15:46.691000,217.0,217.58,
-277.0,318.0,0.0,457.16,289.0,72.53,344.95,2015-04-07 15:15:47.697000,217.95,217.58,
-277.0,318.0,0.0,457.11,289.0,71.53,344.95,2015-04-07 15:15:48.701000,217.95,217.58,
-278.0,319.0,0.0,457.11,289.0,76.0,346.89,2015-04-07 15:15:49.707000,217.95,216.32,
-278.0,319.0,0.0,457.11,289.0,74.58,346.89,2015-04-07 15:15:50.851000,216.05,216.32,
-278.0,319.0,0.0,457.11,289.0,74.05,346.89,2015-04-07 15:15:51.868000,215.68,216.32,
-278.0,319.0,0.0,459.21,291.0,74.05,346.89,2015-04-07 15:15:52.874000,215.68,216.0,
-278.0,318.0,0.0,459.21,291.0,74.05,345.42,2015-04-07 15:15:53.878000,215.68,216.0,
-278.0,318.0,0.0,459.74,292.0,72.63,345.42,2015-04-07 15:15:54.885000,214.74,216.0,
-278.0,318.0,0.0,459.74,292.0,71.42,345.42,2015-04-07 15:15:55.889000,211.58,216.0,
-278.0,318.0,0.0,458.16,290.0,71.42,345.05,2015-04-07 15:15:56.895000,211.58,216.53,
-278.0,318.0,0.0,458.16,290.0,72.63,345.05,2015-04-07 15:15:57.902000,211.58,216.53,
-278.0,318.0,0.0,458.16,290.0,72.63,345.05,2015-04-07 15:15:58.906000,211.58,216.53,
-276.0,316.0,0.0,457.37,290.0,70.79,343.42,2015-04-07 15:15:59.912000,212.68,218.53,
-276.0,316.0,0.0,457.37,290.0,70.89,343.42,2015-04-07 15:16:01.007000,212.68,218.53,
-276.0,316.0,0.0,457.37,290.0,70.79,343.42,2015-04-07 15:16:02.013000,212.89,218.53,
-276.0,314.0,0.0,456.95,289.0,70.79,341.05,2015-04-07 15:16:03.018000,213.58,218.53,
-277.0,314.0,0.0,456.95,289.0,70.89,341.05,2015-04-07 15:16:04.021000,213.58,217.74,
-277.0,318.0,0.0,456.95,289.0,70.89,345.53,2015-04-07 15:16:05.027000,214.05,217.74,
-274.0,318.0,0.0,455.74,288.0,73.21,345.53,2015-04-07 15:16:06.121000,214.05,220.21,
-277.0,320.0,0.0,455.74,288.0,74.79,347.21,2015-04-07 15:16:07.130000,218.47,217.74,
-274.0,320.0,0.0,456.0,288.0,73.21,347.21,2015-04-07 15:16:08.136000,218.47,220.21,
-274.0,320.0,0.0,456.0,288.0,73.21,347.05,2015-04-07 15:16:09.140000,213.95,220.21,
-277.0,320.0,0.0,459.58,292.0,74.79,347.05,2015-04-07 15:16:10.146000,213.95,217.26,
-277.0,318.0,0.0,459.58,292.0,74.79,345.26,2015-04-07 15:16:11.193000,213.95,217.26,
-277.0,318.0,0.0,459.58,292.0,72.37,345.26,2015-04-07 15:16:12.199000,213.84,217.26,
-277.0,318.0,0.0,459.58,292.0,69.37,345.26,2015-04-07 15:16:13.206000,213.32,217.26,
-277.0,316.0,0.0,457.21,289.0,69.37,343.16,2015-04-07 15:16:14.211000,213.79,217.37,
-277.0,316.0,0.0,457.21,289.0,69.37,343.16,2015-04-07 15:16:15.217000,213.79,217.37,
-277.0,316.0,0.0,457.21,289.0,68.42,343.16,2015-04-07 15:16:16.224000,213.37,217.37,
-277.0,316.0,0.0,457.21,289.0,68.68,343.16,2015-04-07 15:16:17.233000,213.37,217.37,
-278.0,318.0,0.0,457.84,290.0,69.16,345.84,2015-04-07 15:16:18.240000,213.79,215.89,
-278.0,318.0,0.0,457.84,290.0,69.16,345.84,2015-04-07 15:16:19.244000,213.58,215.89,
-278.0,318.0,0.0,457.84,290.0,69.16,345.84,2015-04-07 15:16:20.249000,213.58,215.89,
-278.0,320.0,0.0,457.84,290.0,69.16,347.84,2015-04-07 15:16:21.403000,213.79,215.89,
-276.0,318.0,0.0,454.32,287.0,72.68,345.84,2015-04-07 15:16:22.411000,213.79,218.47,
-276.0,320.0,0.0,454.32,287.0,72.68,347.84,2015-04-07 15:16:23.418000,213.58,218.47,
-276.0,320.0,0.0,455.84,288.0,72.47,347.84,2015-04-07 15:16:24.422000,213.79,218.47,
-276.0,317.0,0.0,455.84,288.0,72.47,344.79,2015-04-07 15:16:25.428000,214.0,218.47,
-279.0,317.0,0.0,460.32,293.0,72.68,344.79,2015-04-07 15:16:26.437000,214.0,215.21,
-279.0,317.0,0.0,460.32,293.0,72.47,344.79,2015-04-07 15:16:27.447000,215.26,215.21,
-279.0,317.0,0.0,460.32,293.0,71.05,344.79,2015-04-07 15:16:28.457000,215.26,215.58,
-279.0,318.0,0.0,460.32,293.0,71.53,345.32,2015-04-07 15:16:29.464000,215.89,215.21,
-279.0,318.0,0.0,457.63,290.0,71.53,345.32,2015-04-07 15:16:30.470000,217.74,215.58,
-279.0,318.0,0.0,457.63,290.0,71.53,345.32,2015-04-07 15:16:31.611000,215.89,215.58,
-279.0,318.0,0.0,457.68,290.0,71.53,345.32,2015-04-07 15:16:32.621000,215.89,215.58,
-275.0,317.0,0.0,457.63,290.0,72.79,344.11,2015-04-07 15:16:33.626000,215.89,218.95,
-275.0,317.0,0.0,457.68,290.0,73.0,344.11,2015-04-07 15:16:34.632000,214.95,218.95,
-275.0,317.0,0.0,457.68,290.0,72.79,344.11,2015-04-07 15:16:35.638000,210.47,218.95,
-275.0,314.0,0.0,457.68,290.0,72.79,340.89,2015-04-07 15:16:36.758000,210.47,218.95,
-277.0,314.0,0.0,462.63,295.0,73.0,340.89,2015-04-07 15:16:37.768000,210.47,217.74,
-277.0,315.0,0.0,462.63,295.0,73.0,342.37,2015-04-07 15:16:38.774000,213.32,217.74,
-277.0,315.0,0.0,457.16,289.0,75.37,342.37,2015-04-07 15:16:39.781000,213.32,217.74,
-278.0,320.0,0.0,459.37,292.0,75.37,347.11,2015-04-07 15:16:40.788000,213.47,216.58,
-278.0,320.0,0.0,454.79,287.0,72.68,347.11,2015-04-07 15:16:41.987000,213.74,216.58,
-278.0,320.0,0.0,454.79,287.0,72.58,347.68,2015-04-07 15:16:42.995000,213.47,216.58,
-278.0,321.0,0.0,459.21,291.0,72.68,347.95,2015-04-07 15:16:44.002000,213.47,216.58,
-278.0,320.0,0.0,459.21,291.0,72.58,347.68,2015-04-07 15:16:45.005000,213.74,216.58,
-278.0,321.0,0.0,459.21,291.0,72.58,348.05,2015-04-07 15:16:46.010000,213.74,216.58,
-278.0,321.0,0.0,460.68,293.0,72.37,348.05,2015-04-07 15:16:47.019000,212.37,216.58,
-277.0,318.0,0.0,459.21,291.0,72.37,345.05,2015-04-07 15:16:48.026000,214.05,216.84,
-277.0,318.0,0.0,460.68,293.0,72.37,345.05,2015-04-07 15:16:49.033000,214.05,216.84,
-277.0,319.0,0.0,460.68,293.0,70.53,346.11,2015-04-07 15:16:50.039000,214.05,216.84,
-276.0,318.0,0.0,457.0,289.0,71.74,345.05,2015-04-07 15:16:51.045000,214.05,217.84,
-276.0,319.0,0.0,457.0,289.0,73.16,346.11,2015-04-07 15:16:52.077000,214.05,217.84,
-276.0,319.0,0.0,458.21,290.0,71.74,346.11,2015-04-07 15:16:53.084000,215.05,217.84,
-276.0,317.0,0.0,458.21,290.0,71.74,344.11,2015-04-07 15:16:54.090000,212.47,217.84,
-277.0,317.0,0.0,458.95,291.0,73.16,344.11,2015-04-07 15:16:55.094000,212.47,216.95,
-277.0,317.0,0.0,458.95,291.0,73.16,343.95,2015-04-07 15:16:56.100000,216.0,216.95,
-277.0,317.0,0.0,458.21,290.0,71.79,343.95,2015-04-07 15:16:57.104000,216.0,216.95,
-278.0,318.0,0.0,457.58,290.0,71.79,345.58,2015-04-07 15:16:58.110000,213.32,216.63,
-278.0,318.0,0.0,456.53,289.0,70.79,345.58,2015-04-07 15:16:59.116000,213.32,216.63,
-278.0,318.0,0.0,456.53,289.0,70.79,345.58,2015-04-07 15:17:00.120000,212.68,216.63,
-278.0,318.0,0.0,457.58,290.0,70.79,345.58,2015-04-07 15:17:01.126000,212.68,215.74,
-278.0,318.0,0.0,457.58,290.0,72.47,345.16,2015-04-07 15:17:02.135000,213.32,215.74,
-278.0,318.0,0.0,458.68,291.0,72.47,345.16,2015-04-07 15:17:03.145000,212.68,215.74,
-278.0,318.0,0.0,458.68,291.0,72.47,345.16,2015-04-07 15:17:04.151000,214.95,215.74,
-277.0,316.0,0.0,454.89,287.0,72.47,343.74,2015-04-07 15:17:05.155000,214.95,217.58,
-277.0,316.0,0.0,454.89,287.0,72.58,343.74,2015-04-07 15:17:06.161000,214.95,217.58,
-277.0,316.0,0.0,456.16,288.0,70.42,343.74,2015-04-07 15:17:07.347000,215.16,217.58,
-277.0,316.0,0.0,456.16,288.0,73.79,343.74,2015-04-07 15:17:08.357000,215.16,217.58,
-277.0,321.0,0.0,456.74,289.0,74.95,348.47,2015-04-07 15:17:09.363000,214.89,217.26,
-277.0,321.0,0.0,456.74,289.0,74.95,348.47,2015-04-07 15:17:10.367000,216.74,217.26,
-277.0,321.0,0.0,456.74,289.0,74.95,348.47,2015-04-07 15:17:11.373000,214.63,217.26,
-277.0,321.0,0.0,457.16,289.0,74.95,348.47,2015-04-07 15:17:12.377000,214.63,217.26,
-277.0,317.0,0.0,457.16,289.0,76.79,344.68,2015-04-07 15:17:13.384000,215.58,217.47,
-277.0,317.0,0.0,457.16,289.0,76.79,344.68,2015-04-07 15:17:14.391000,215.58,217.47,
-277.0,317.0,0.0,457.16,289.0,71.11,344.68,2015-04-07 15:17:15.393000,215.58,217.47,
-277.0,317.0,0.0,457.16,289.0,71.11,344.68,2015-04-07 15:17:16.400000,215.58,217.47,
-278.0,318.0,0.0,458.42,291.0,71.47,345.0,2015-04-07 15:17:17.457000,215.58,216.21,
-278.0,318.0,0.0,458.42,291.0,71.47,345.0,2015-04-07 15:17:18.463000,217.05,216.21,
-278.0,318.0,0.0,458.42,291.0,72.11,345.0,2015-04-07 15:17:19.469000,217.05,216.21,
-278.0,318.0,0.0,458.42,291.0,72.11,345.0,2015-04-07 15:17:20.473000,216.68,216.21,
-277.0,316.0,0.0,457.79,290.0,72.11,342.95,2015-04-07 15:17:21.479000,216.68,217.42,
-277.0,316.0,0.0,457.79,290.0,75.16,342.95,2015-04-07 15:17:22.485000,216.68,217.42,
-277.0,316.0,0.0,457.79,290.0,72.11,342.95,2015-04-07 15:17:23.493000,216.68,217.42,
-277.0,316.0,0.0,455.89,288.0,72.21,342.95,2015-04-07 15:17:24.499000,216.68,217.42,
-278.0,316.0,0.0,455.89,288.0,72.21,343.37,2015-04-07 15:17:25.503000,213.42,216.68,
-278.0,316.0,0.0,455.89,288.0,72.21,343.37,2015-04-07 15:17:26.510000,214.74,216.68,
-277.0,316.0,0.0,455.89,288.0,72.21,343.37,2015-04-07 15:17:27.627000,213.42,217.58,
-278.0,320.0,0.0,458.42,291.0,72.21,347.26,2015-04-07 15:17:28.644000,213.42,216.68,
-277.0,316.0,0.0,458.42,291.0,72.16,343.37,2015-04-07 15:17:29.660000,214.74,217.58,
-277.0,320.0,0.0,458.84,291.0,71.26,347.26,2015-04-07 15:17:30.664000,214.74,217.58,
-278.0,320.0,0.0,458.84,291.0,69.37,347.26,2015-04-07 15:17:31.682000,215.21,215.84,
-278.0,317.0,0.0,457.05,289.0,69.37,344.79,2015-04-07 15:17:32.714000,215.21,215.84,
-278.0,317.0,0.0,457.05,289.0,71.26,344.79,2015-04-07 15:17:33.730000,214.68,215.84,
-278.0,319.0,0.0,457.05,289.0,70.42,346.32,2015-04-07 15:17:34.738000,214.68,215.84,
-278.0,317.0,0.0,453.68,286.0,70.58,344.79,2015-04-07 15:17:35.749000,214.68,216.32,
-278.0,319.0,0.0,453.68,286.0,70.58,346.32,2015-04-07 15:17:36.755000,214.63,216.32,
-278.0,319.0,0.0,457.58,290.0,70.58,346.32,2015-04-07 15:17:37.805000,214.63,216.26,
-278.0,317.0,0.0,454.58,287.0,70.58,344.84,2015-04-07 15:17:38.822000,217.63,216.32,
-278.0,317.0,0.0,457.58,290.0,71.32,344.84,2015-04-07 15:17:39.837000,217.63,216.26,
-278.0,318.0,0.0,458.58,291.0,71.32,345.47,2015-04-07 15:17:40.841000,218.21,216.26,
-278.0,317.0,0.0,457.58,290.0,71.32,344.84,2015-04-07 15:17:41.847000,218.21,216.32,
-278.0,318.0,0.0,458.58,291.0,71.42,345.47,2015-04-07 15:17:42.897000,218.21,216.32,
-278.0,318.0,0.0,458.58,291.0,71.16,345.47,2015-04-07 15:17:43.913000,214.26,216.32,
-277.0,316.0,0.0,457.42,290.0,71.16,343.63,2015-04-07 15:17:44.927000,214.26,217.47,
-277.0,316.0,0.0,457.42,290.0,71.42,343.63,2015-04-07 15:17:45.949000,214.26,217.47,
-277.0,316.0,0.0,461.68,294.0,71.42,343.63,2015-04-07 15:17:46.965000,216.26,217.47,
-277.0,316.0,0.0,457.42,290.0,74.84,343.63,2015-04-07 15:17:47.971000,216.26,217.47,
-277.0,317.0,0.0,459.16,291.0,74.84,344.11,2015-04-07 15:17:48.982000,216.26,217.42,
-277.0,317.0,0.0,459.16,291.0,73.84,344.11,2015-04-07 15:17:49.991000,215.32,217.42,
-277.0,317.0,0.0,459.16,291.0,73.84,344.11,2015-04-07 15:17:51.434000,214.68,217.42,
-277.0,321.0,0.0,458.95,291.0,74.37,348.58,2015-04-07 15:17:52.453000,214.68,216.79,
-277.0,321.0,0.0,458.95,291.0,73.84,348.58,2015-04-07 15:17:53.470000,215.32,216.79,
-277.0,323.0,0.0,458.95,291.0,73.79,350.05,2015-04-07 15:17:54.473000,215.32,216.79,
-277.0,323.0,0.0,458.95,291.0,73.79,350.05,2015-04-07 15:17:55.480000,214.0,216.79,
-277.0,314.0,0.0,457.58,290.0,73.79,340.84,2015-04-07 15:17:56.535000,215.32,217.32,
-277.0,314.0,0.0,457.58,290.0,73.79,340.84,2015-04-07 15:17:57.547000,215.32,217.32,
-277.0,314.0,0.0,457.58,290.0,73.21,340.84,2015-04-07 15:17:58.561000,217.32,217.32,
-277.0,314.0,0.0,457.58,290.0,71.89,340.84,2015-04-07 15:17:59.565000,217.32,217.32,
-279.0,318.0,0.0,458.32,291.0,71.89,345.47,2015-04-07 15:18:00.571000,217.32,215.58,
-279.0,318.0,0.0,458.32,291.0,71.89,345.47,2015-04-07 15:18:01.591000,215.11,215.58,
-277.0,318.0,0.0,458.32,291.0,71.89,345.47,2015-04-07 15:18:02.598000,214.68,216.95,
-277.0,318.0,0.0,458.32,291.0,71.89,345.47,2015-04-07 15:18:03.617000,214.68,216.95,
-277.0,316.0,0.0,456.32,289.0,73.95,343.58,2015-04-07 15:18:04.621000,214.68,217.68,
-277.0,316.0,0.0,456.32,289.0,73.95,343.58,2015-04-07 15:18:05.628000,214.68,217.68,
-277.0,316.0,0.0,456.32,289.0,73.0,343.58,2015-04-07 15:18:06.651000,214.68,217.68,
-277.0,316.0,0.0,456.32,289.0,73.0,343.58,2015-04-07 15:18:07.673000,212.68,217.68,
-278.0,317.0,0.0,459.95,292.0,73.95,344.58,2015-04-07 15:18:08.688000,212.68,216.58,
-278.0,317.0,0.0,459.95,292.0,73.0,344.58,2015-04-07 15:18:09.691000,216.53,216.58,
-278.0,317.0,0.0,459.95,292.0,72.05,344.58,2015-04-07 15:18:10.934000,216.53,216.58,
-278.0,317.0,0.0,459.95,292.0,72.05,344.58,2015-04-07 15:18:11.941000,215.53,216.58,
-276.0,315.0,0.0,454.32,287.0,72.05,341.79,2015-04-07 15:18:12.944000,215.53,218.32,
-276.0,315.0,0.0,454.32,287.0,72.05,341.79,2015-04-07 15:18:13.951000,215.53,218.32,
-276.0,316.0,0.0,456.11,288.0,70.11,342.89,2015-04-07 15:18:15.249000,215.53,218.32,
-276.0,316.0,0.0,454.32,287.0,73.95,342.89,2015-04-07 15:18:16.271000,215.53,218.32,
-278.0,319.0,0.0,456.11,288.0,73.95,346.0,2015-04-07 15:18:17.284000,214.47,216.37,
-278.0,319.0,0.0,456.32,289.0,73.95,346.0,2015-04-07 15:18:18.292000,216.95,216.37,
-278.0,319.0,0.0,456.32,289.0,73.95,346.0,2015-04-07 15:18:19.307000,214.47,216.37,
-279.0,319.0,0.0,458.32,291.0,73.95,346.0,2015-04-07 15:18:20.360000,214.47,215.68,
-279.0,317.0,0.0,458.32,291.0,72.84,344.47,2015-04-07 15:18:21.375000,216.95,215.68,
-279.0,317.0,0.0,458.32,291.0,72.84,344.47,2015-04-07 15:18:22.382000,216.95,215.68,
-279.0,317.0,0.0,458.32,291.0,72.68,344.47,2015-04-07 15:18:23.394000,213.32,215.68,
-277.0,316.0,0.0,458.0,290.0,72.68,343.37,2015-04-07 15:18:24.400000,213.32,217.0,
-277.0,316.0,0.0,458.0,290.0,72.84,343.37,2015-04-07 15:18:25.407000,213.32,217.0,
-277.0,316.0,0.0,458.0,290.0,70.26,343.37,2015-04-07 15:18:26.412000,213.32,217.0,
-276.0,316.0,0.0,458.0,290.0,71.37,343.37,2015-04-07 15:18:27.419000,213.32,217.95,
-277.0,316.0,0.0,457.68,290.0,71.37,343.68,2015-04-07 15:18:28.423000,216.89,217.0,
-276.0,316.0,0.0,458.21,290.0,71.37,343.68,2015-04-07 15:18:29.429000,216.89,217.95,
-276.0,316.0,0.0,458.21,290.0,71.37,343.68,2015-04-07 15:18:30.435000,216.89,217.95,
-276.0,318.0,0.0,458.21,290.0,71.37,345.79,2015-04-07 15:18:31.441000,216.0,217.95,
-277.0,318.0,0.0,454.74,287.0,72.53,345.79,2015-04-07 15:18:32.447000,216.0,216.89,
-277.0,318.0,0.0,456.47,289.0,75.89,345.79,2015-04-07 15:18:33.892000,216.0,216.89,
-277.0,318.0,0.0,455.05,287.0,72.74,345.79,2015-04-07 15:18:34.910000,216.0,216.89,
-277.0,318.0,0.0,455.05,287.0,72.74,345.79,2015-04-07 15:18:35.924000,213.89,217.05,
-277.0,318.0,0.0,456.47,289.0,72.74,345.42,2015-04-07 15:18:36.928000,213.89,216.89,
-277.0,316.0,0.0,456.47,289.0,72.74,343.63,2015-04-07 15:18:37.934000,215.32,217.05,
-277.0,318.0,0.0,460.0,292.0,71.32,345.42,2015-04-07 15:18:38.963000,213.89,217.05,
-277.0,318.0,0.0,462.95,295.0,70.42,345.42,2015-04-07 15:18:39.975000,214.16,216.95,
-277.0,317.0,0.0,460.0,292.0,70.42,344.42,2015-04-07 15:18:40.985000,214.16,216.95,
-277.0,317.0,0.0,462.95,295.0,70.42,344.42,2015-04-07 15:18:41.989000,214.16,216.95,
-277.0,317.0,0.0,462.95,295.0,70.42,344.42,2015-04-07 15:18:42.995000,214.16,216.95,
-277.0,316.0,0.0,457.53,290.0,70.0,343.63,2015-04-07 15:18:44.029000,214.16,216.95,
-278.0,316.0,0.0,457.53,290.0,74.42,343.63,2015-04-07 15:18:45.048000,214.37,216.63,
-278.0,316.0,0.0,461.16,293.0,70.0,343.63,2015-04-07 15:18:46.059000,215.95,216.63,
-277.0,315.0,0.0,458.37,291.0,70.0,342.42,2015-04-07 15:18:47.063000,215.95,216.89,
-278.0,316.0,0.0,461.16,293.0,74.42,343.63,2015-04-07 15:18:48.070000,215.95,216.63,
-277.0,314.0,0.0,461.16,293.0,74.42,341.47,2015-04-07 15:18:49.199000,215.95,216.89,
-277.0,314.0,0.0,458.37,291.0,71.26,341.47,2015-04-07 15:18:50.213000,215.95,216.89,
-277.0,319.0,0.0,457.84,290.0,71.26,346.05,2015-04-07 15:18:51.227000,214.84,216.89,
-277.0,319.0,0.0,457.74,290.0,71.26,346.05,2015-04-07 15:18:52.231000,214.84,216.89,
-277.0,319.0,0.0,457.74,290.0,71.26,346.11,2015-04-07 15:18:53.238000,213.21,216.89,
-277.0,319.0,0.0,457.84,290.0,71.26,346.53,2015-04-07 15:18:54.242000,213.21,216.89,
-277.0,319.0,0.0,457.84,290.0,75.05,346.11,2015-04-07 15:18:55.247000,216.42,216.89,
-277.0,319.0,0.0,462.42,295.0,75.05,346.53,2015-04-07 15:18:56.251000,216.42,216.89,
-277.0,319.0,0.0,462.42,295.0,72.37,346.53,2015-04-07 15:18:57.255000,214.21,216.89,
-276.0,317.0,0.0,460.89,293.0,72.37,344.47,2015-04-07 15:18:58.261000,215.68,218.79,
-276.0,317.0,0.0,460.89,293.0,75.05,344.47,2015-04-07 15:18:59.267000,215.68,218.79,
-276.0,317.0,0.0,460.89,293.0,72.37,344.47,2015-04-07 15:19:00.272000,215.68,218.79,
-276.0,317.0,0.0,460.89,293.0,73.16,344.47,2015-04-07 15:19:01.279000,215.68,218.79,
-277.0,319.0,0.0,456.11,288.0,89.0,346.47,2015-04-07 15:19:03.288000,235.63,217.37,
-277.0,319.0,0.0,456.11,288.0,89.0,346.47,2015-04-07 15:19:05.426000,235.63,217.37,
-278.0,319.0,0.0,457.79,290.0,89.0,346.47,2015-04-07 15:19:06.436000,235.63,215.89,
-278.0,321.0,0.0,457.79,290.0,84.79,348.21,2015-04-07 15:19:07.440000,235.0,215.89,
-278.0,321.0,0.0,457.79,290.0,83.11,348.21,2015-04-07 15:19:08.446000,233.16,215.89,
-279.0,321.0,0.0,457.79,290.0,82.79,348.21,2015-04-07 15:19:09.455000,232.42,215.32,
-279.0,318.0,0.0,458.68,291.0,82.79,345.79,2015-04-07 15:19:10.461000,232.42,215.32,
-278.0,321.0,0.0,460.05,292.0,80.79,348.21,2015-04-07 15:19:11.468000,232.11,216.05,
-278.0,317.0,0.0,458.68,291.0,80.79,344.68,2015-04-07 15:19:12.474000,232.42,216.05,
-278.0,317.0,0.0,458.68,291.0,80.79,344.68,2015-04-07 15:19:13.480000,233.79,216.05,
-278.0,317.0,0.0,458.68,291.0,80.79,344.68,2015-04-07 15:19:14.511000,234.47,216.05,
-278.0,317.0,0.0,457.32,290.0,80.79,344.79,2015-04-07 15:19:15.519000,233.79,216.05,
-278.0,317.0,0.0,457.32,290.0,78.74,344.79,2015-04-07 15:19:16.526000,233.79,216.32,
-278.0,318.0,0.0,458.58,291.0,78.74,345.63,2015-04-07 15:19:17.530000,233.21,216.32,
-278.0,318.0,0.0,458.58,291.0,78.74,345.63,2015-04-07 15:19:18.536000,229.58,216.32,
-278.0,318.0,0.0,458.58,291.0,78.74,345.63,2015-04-07 15:19:19.639000,229.42,216.32,
-278.0,318.0,0.0,458.58,291.0,78.74,345.63,2015-04-07 15:19:20.655000,229.42,216.32,
-275.0,318.0,0.0,457.58,290.0,78.63,345.05,2015-04-07 15:19:21.663000,229.42,219.42,
-275.0,318.0,0.0,457.58,290.0,82.89,345.05,2015-04-07 15:19:22.667000,229.42,219.42,
-275.0,318.0,0.0,457.58,290.0,78.84,345.05,2015-04-07 15:19:23.673000,230.0,219.42,
-275.0,318.0,0.0,457.58,290.0,78.84,345.05,2015-04-07 15:19:24.749000,230.0,219.42,
-278.0,316.0,0.0,459.47,292.0,84.37,343.53,2015-04-07 15:19:25.758000,230.0,216.68,
-278.0,316.0,0.0,459.47,292.0,84.37,343.53,2015-04-07 15:19:26.765000,230.84,216.68,
-276.0,316.0,0.0,461.11,293.0,78.84,343.53,2015-04-07 15:19:27.768000,230.0,218.32,
-276.0,317.0,0.0,461.11,293.0,78.79,343.95,2015-04-07 15:19:28.775000,230.84,218.16,
-276.0,316.0,0.0,457.16,289.0,78.79,343.53,2015-04-07 15:19:29.781000,231.95,218.32,
-276.0,317.0,0.0,457.16,289.0,78.79,343.95,2015-04-07 15:19:30.785000,231.95,218.32,
-276.0,317.0,0.0,457.16,289.0,78.79,344.53,2015-04-07 15:19:31.789000,234.58,218.32,
-276.0,317.0,0.0,455.95,288.0,78.63,344.53,2015-04-07 15:19:32.793000,234.58,218.16,
-277.0,320.0,0.0,455.95,288.0,78.63,347.0,2015-04-07 15:19:33.799000,234.58,217.37,
-277.0,320.0,0.0,455.95,288.0,74.68,347.0,2015-04-07 15:19:34.991000,224.89,217.37,
-277.0,320.0,0.0,455.95,288.0,74.68,347.0,2015-04-07 15:19:36,224.42,217.37,
-278.0,321.0,0.0,458.42,291.0,78.63,347.95,2015-04-07 15:19:37.007000,224.42,216.37,
-278.0,321.0,0.0,458.42,291.0,75.42,347.95,2015-04-07 15:19:38.011000,224.42,216.37,
-278.0,321.0,0.0,460.16,292.0,77.42,347.95,2015-04-07 15:19:39.017000,224.42,216.37,
-278.0,321.0,0.0,460.16,292.0,77.42,347.95,2015-04-07 15:19:40.117000,231.84,216.05,
-278.0,319.0,0.0,457.84,290.0,77.42,345.89,2015-04-07 15:19:41.127000,231.84,216.05,
-278.0,319.0,0.0,457.84,290.0,77.42,345.89,2015-04-07 15:19:42.134000,230.47,216.21,
-278.0,319.0,0.0,458.79,291.0,77.42,345.89,2015-04-07 15:19:43.138000,230.47,216.21,
-278.0,318.0,0.0,457.84,290.0,80.58,345.05,2015-04-07 15:19:44.144000,232.26,216.42,
-278.0,318.0,0.0,458.79,291.0,80.58,345.05,2015-04-07 15:19:45.177000,230.47,216.42,
-278.0,318.0,0.0,458.79,291.0,79.47,345.05,2015-04-07 15:19:46.184000,229.42,216.42,
-276.0,316.0,0.0,458.42,291.0,79.47,343.47,2015-04-07 15:19:47.190000,229.42,217.89,
-276.0,316.0,0.0,458.42,291.0,80.58,343.47,2015-04-07 15:19:48.194000,229.42,217.89,
-276.0,316.0,0.0,458.42,291.0,79.47,343.47,2015-04-07 15:19:49.200000,229.42,217.89,
-276.0,316.0,0.0,455.37,288.0,77.74,343.47,2015-04-07 15:19:50.208000,229.42,217.89,
-277.0,318.0,0.0,455.37,288.0,80.0,345.42,2015-04-07 15:19:51.214000,233.37,216.84,
-277.0,318.0,0.0,455.37,288.0,80.0,345.42,2015-04-07 15:19:52.219000,233.37,216.84,
-276.0,318.0,0.0,455.37,288.0,80.0,345.42,2015-04-07 15:19:53.222000,232.68,217.79,
-276.0,318.0,0.0,456.58,289.0,80.0,345.42,2015-04-07 15:19:54.228000,232.68,217.79,
-276.0,317.0,0.0,456.58,289.0,80.0,344.37,2015-04-07 15:19:55.397000,232.68,218.16,
-276.0,317.0,0.0,456.58,289.0,79.32,344.37,2015-04-07 15:19:56.405000,229.21,218.16,
-276.0,317.0,0.0,461.05,293.0,76.79,344.37,2015-04-07 15:19:57.410000,228.0,218.16,
-276.0,317.0,0.0,461.05,293.0,76.79,344.37,2015-04-07 15:19:58.413000,228.0,218.16,
-278.0,317.0,0.0,461.05,293.0,79.05,343.95,2015-04-07 15:19:59.419000,228.0,216.37,
-278.0,317.0,0.0,461.05,293.0,77.79,343.95,2015-04-07 15:20:00.553000,228.0,216.37,
-278.0,317.0,0.0,463.32,295.0,77.79,343.95,2015-04-07 15:20:01.562000,228.0,216.37,
-278.0,317.0,0.0,459.42,292.0,77.79,343.95,2015-04-07 15:20:02.569000,230.0,216.37,
-277.0,317.0,0.0,459.42,292.0,77.79,343.95,2015-04-07 15:20:03.572000,230.0,216.79,
-277.0,318.0,0.0,459.95,292.0,77.79,345.0,2015-04-07 15:20:04.579000,230.0,216.79,
-277.0,318.0,0.0,459.95,292.0,77.68,345.0,2015-04-07 15:20:05.680000,228.89,216.79,
-277.0,318.0,0.0,459.95,292.0,77.84,345.0,2015-04-07 15:20:06.688000,228.89,216.79,
-277.0,318.0,0.0,459.95,292.0,77.84,345.0,2015-04-07 15:20:07.694000,228.89,216.79,
-277.0,315.0,0.0,458.47,291.0,77.84,342.16,2015-04-07 15:20:08.698000,228.89,217.11,
-277.0,315.0,0.0,458.47,291.0,77.84,342.16,2015-04-07 15:20:09.704000,228.89,217.11,
-277.0,315.0,0.0,458.47,291.0,77.89,342.16,2015-04-07 15:20:10.760000,230.0,217.11,
-277.0,315.0,0.0,458.47,291.0,77.89,342.16,2015-04-07 15:20:11.767000,230.0,217.11,
-278.0,317.0,0.0,458.47,291.0,77.89,344.37,2015-04-07 15:20:12.773000,228.47,216.47,
-278.0,317.0,0.0,457.37,290.0,77.89,344.37,2015-04-07 15:20:13.777000,232.16,216.47,
-278.0,317.0,0.0,457.37,290.0,77.89,344.37,2015-04-07 15:20:14.784000,230.84,216.47,
-278.0,317.0,0.0,457.37,290.0,76.58,344.37,2015-04-07 15:20:15.789000,230.84,216.47,
-278.0,317.0,0.0,457.37,290.0,77.21,344.37,2015-04-07 15:20:16.795000,230.84,216.63,
-278.0,319.0,0.0,458.47,291.0,79.53,346.89,2015-04-07 15:20:17.801000,232.21,216.63,
-278.0,319.0,0.0,458.47,291.0,78.89,346.89,2015-04-07 15:20:18.805000,230.84,216.63,
-278.0,319.0,0.0,458.47,291.0,78.89,346.89,2015-04-07 15:20:19.811000,229.74,216.63,
-278.0,319.0,0.0,458.47,291.0,78.89,346.89,2015-04-07 15:20:20.821000,229.74,216.63,
-277.0,317.0,0.0,458.37,291.0,78.89,344.37,2015-04-07 15:20:21.832000,229.74,216.95,
-277.0,317.0,0.0,458.37,291.0,78.89,344.37,2015-04-07 15:20:22.838000,226.84,216.95,
-277.0,317.0,0.0,458.37,291.0,78.16,344.37,2015-04-07 15:20:23.841000,226.84,216.95,
-277.0,314.0,0.0,457.68,290.0,78.16,340.89,2015-04-07 15:20:24.847000,230.74,216.95,
-279.0,314.0,0.0,457.68,290.0,81.53,340.89,2015-04-07 15:20:25.955000,230.74,215.68,
-279.0,314.0,0.0,457.68,290.0,81.53,341.63,2015-04-07 15:20:26.970000,231.16,215.68,
-277.0,314.0,0.0,457.53,290.0,81.89,341.63,2015-04-07 15:20:27.984000,231.16,217.74,
-279.0,318.0,0.0,457.68,290.0,82.05,345.47,2015-04-07 15:20:28.989000,232.68,215.68,
-277.0,318.0,0.0,457.53,290.0,82.05,345.47,2015-04-07 15:20:29.992000,232.68,217.74,
-277.0,319.0,0.0,457.53,290.0,81.89,346.21,2015-04-07 15:20:30.998000,231.47,217.74,
-277.0,319.0,0.0,457.53,290.0,81.89,346.89,2015-04-07 15:20:32.001000,231.47,217.74,
-276.0,319.0,0.0,454.05,286.0,80.84,346.21,2015-04-07 15:20:33.303000,231.47,218.42,
-276.0,319.0,0.0,454.05,286.0,79.74,346.89,2015-04-07 15:20:34.317000,230.11,218.42,
-276.0,319.0,0.0,457.0,289.0,78.32,346.89,2015-04-07 15:20:35.333000,229.0,218.42,
-276.0,314.0,0.0,457.0,289.0,78.32,341.63,2015-04-07 15:20:36.347000,229.37,218.42,
-277.0,314.0,0.0,457.32,290.0,79.74,341.63,2015-04-07 15:20:37.353000,229.37,216.84,
-277.0,315.0,0.0,459.32,292.0,78.32,342.11,2015-04-07 15:20:38.389000,229.37,216.84,
-277.0,315.0,0.0,459.32,292.0,77.21,342.11,2015-04-07 15:20:39.395000,229.37,216.84,
-278.0,318.0,0.0,459.32,292.0,85.11,345.74,2015-04-07 15:20:40.402000,234.53,215.95,
-278.0,318.0,0.0,459.32,292.0,85.11,345.74,2015-04-07 15:20:41.405000,238.47,215.95,
-278.0,318.0,0.0,459.32,292.0,84.37,345.74,2015-04-07 15:20:42.409000,234.53,215.95,
-278.0,318.0,0.0,457.42,290.0,84.37,345.74,2015-04-07 15:20:43.424000,233.79,215.95,
-278.0,318.0,0.0,455.84,288.0,84.37,345.74,2015-04-07 15:20:44.433000,233.79,216.58,
-278.0,319.0,0.0,455.84,288.0,81.21,346.63,2015-04-07 15:20:45.442000,233.68,216.58,
-278.0,319.0,0.0,458.58,291.0,80.11,346.63,2015-04-07 15:20:46.449000,230.63,216.58,
-278.0,319.0,0.0,458.58,291.0,80.11,346.63,2015-04-07 15:20:47.455000,230.63,216.58,
-278.0,319.0,0.0,458.58,291.0,80.11,346.63,2015-04-07 15:20:48.545000,230.63,216.58,
-276.0,318.0,0.0,458.58,291.0,80.11,345.32,2015-04-07 15:20:49.551000,230.63,217.84,
-276.0,318.0,0.0,460.0,292.0,80.11,345.32,2015-04-07 15:20:50.558000,228.95,217.84,
-276.0,318.0,0.0,457.32,290.0,80.26,345.32,2015-04-07 15:20:51.565000,228.95,217.84,
-276.0,318.0,0.0,457.32,290.0,79.11,345.32,2015-04-07 15:20:52.570000,228.95,217.84,
-276.0,317.0,0.0,458.16,290.0,79.11,344.32,2015-04-07 15:20:53.739000,228.95,217.84,
-277.0,317.0,0.0,458.16,290.0,78.42,344.32,2015-04-07 15:20:54.746000,228.95,216.79,
-277.0,317.0,0.0,458.16,290.0,78.11,344.32,2015-04-07 15:20:55.754000,226.58,216.79,
-277.0,317.0,0.0,459.53,292.0,78.11,344.32,2015-04-07 15:20:56.761000,226.58,216.79,
-277.0,317.0,0.0,459.53,292.0,78.11,344.32,2015-04-07 15:20:57.767000,231.79,216.84,
-277.0,318.0,0.0,459.63,292.0,80.74,344.95,2015-04-07 15:20:58.816000,231.79,216.79,
-277.0,318.0,0.0,459.63,292.0,80.74,344.95,2015-04-07 15:20:59.826000,231.79,216.84,
-277.0,318.0,0.0,459.63,292.0,80.74,344.95,2015-04-07 15:21:00.836000,231.79,216.84,
-277.0,318.0,0.0,459.63,292.0,78.79,344.95,2015-04-07 15:21:01.850000,230.89,216.84,
-275.0,318.0,0.0,457.53,290.0,78.79,344.89,2015-04-07 15:21:02.856000,230.89,219.0,
-275.0,318.0,0.0,457.53,290.0,78.79,344.89,2015-04-07 15:21:03.964000,230.89,219.0,
-275.0,320.0,0.0,457.53,290.0,78.79,347.05,2015-04-07 15:21:04.972000,233.74,219.0,
-275.0,318.0,0.0,457.0,289.0,80.74,344.89,2015-04-07 15:21:05.979000,233.74,219.0,
-277.0,320.0,0.0,457.0,289.0,81.79,347.05,2015-04-07 15:21:06.983000,233.74,217.47,
-277.0,320.0,0.0,457.0,289.0,80.74,347.05,2015-04-07 15:21:07.989000,229.84,217.47,
-276.0,315.0,0.0,457.0,289.0,80.74,342.53,2015-04-07 15:21:08.995000,229.05,218.05,
-277.0,315.0,0.0,457.58,290.0,81.63,342.53,2015-04-07 15:21:10.003000,229.05,217.47,
-276.0,315.0,0.0,457.58,290.0,81.63,341.84,2015-04-07 15:21:11.010000,229.84,218.05,
-276.0,315.0,0.0,456.16,288.0,77.26,341.84,2015-04-07 15:21:12.013000,229.05,218.05,
-278.0,318.0,0.0,457.58,290.0,81.32,345.74,2015-04-07 15:21:13.019000,234.37,216.32,
-278.0,318.0,0.0,455.53,288.0,81.32,345.74,2015-04-07 15:21:14.023000,234.37,216.32,
-277.0,319.0,0.0,455.53,288.0,81.32,346.47,2015-04-07 15:21:15.025000,233.11,217.63,
-278.0,320.0,0.0,458.47,291.0,81.32,347.26,2015-04-07 15:21:16.032000,233.11,216.32,
-277.0,319.0,0.0,458.47,291.0,81.32,346.47,2015-04-07 15:21:17.035000,233.11,217.63,
-277.0,320.0,0.0,459.53,292.0,80.68,347.26,2015-04-07 15:21:18.041000,232.84,217.63,
-278.0,320.0,0.0,459.53,292.0,78.89,347.26,2015-04-07 15:21:19.085000,232.84,216.53,
-278.0,316.0,0.0,457.26,290.0,78.89,343.37,2015-04-07 15:21:20.104000,232.84,216.53,
-278.0,316.0,0.0,457.26,290.0,78.89,343.37,2015-04-07 15:21:21.119000,231.68,216.53,
-278.0,317.0,0.0,457.26,290.0,77.16,344.47,2015-04-07 15:21:22.555000,231.42,216.53,
-277.0,317.0,0.0,456.32,289.0,77.47,344.47,2015-04-07 15:21:23.575000,231.42,217.47,
-277.0,320.0,0.0,456.32,289.0,79.11,347.05,2015-04-07 15:21:24.587000,230.37,217.47,
-277.0,320.0,0.0,456.32,289.0,79.11,347.05,2015-04-07 15:21:25.592000,230.37,217.47,
-277.0,320.0,0.0,456.32,289.0,79.11,347.05,2015-04-07 15:21:26.608000,226.84,217.47,
-278.0,320.0,0.0,458.16,290.0,79.11,347.05,2015-04-07 15:21:27.728000,230.37,216.58,
-278.0,318.0,0.0,458.16,290.0,79.95,345.58,2015-04-07 15:21:28.746000,230.37,216.58,
-278.0,318.0,0.0,459.47,292.0,80.32,345.58,2015-04-07 15:21:29.762000,227.89,216.58,
-278.0,318.0,0.0,459.47,292.0,80.32,345.58,2015-04-07 15:21:30.765000,227.89,216.58,
-276.0,318.0,0.0,459.47,292.0,80.32,345.47,2015-04-07 15:21:31.770000,227.89,218.26,
-276.0,318.0,0.0,460.79,293.0,80.32,345.47,2015-04-07 15:21:32.776000,227.89,218.26,
-274.0,318.0,0.0,460.79,293.0,79.63,345.47,2015-04-07 15:21:33.779000,229.26,220.0,
-274.0,318.0,0.0,460.79,293.0,77.42,345.47,2015-04-07 15:21:34.785000,229.26,220.0,
-277.0,318.0,0.0,460.79,293.0,77.42,345.47,2015-04-07 15:21:35.789000,230.63,217.32,
-277.0,317.0,0.0,456.16,288.0,77.42,343.84,2015-04-07 15:21:36.795000,230.63,217.32,
-277.0,317.0,0.0,456.16,288.0,77.42,343.84,2015-04-07 15:21:37.887000,230.63,217.32,
-277.0,317.0,0.0,456.16,288.0,77.42,344.74,2015-04-07 15:21:38.896000,230.63,217.32,
-277.0,317.0,0.0,455.58,288.0,79.26,344.74,2015-04-07 15:21:39.902000,230.63,217.32,
-277.0,320.0,0.0,455.58,288.0,79.26,347.0,2015-04-07 15:21:40.905000,230.53,217.05,
-277.0,320.0,0.0,455.84,288.0,78.11,347.0,2015-04-07 15:21:41.912000,231.68,217.05,
-277.0,318.0,0.0,455.84,288.0,78.11,345.26,2015-04-07 15:21:42.981000,230.53,217.05,
-277.0,318.0,0.0,459.74,292.0,79.26,345.26,2015-04-07 15:21:43.989000,230.53,216.74,
-277.0,317.0,0.0,459.74,292.0,78.11,343.95,2015-04-07 15:21:44.995000,232.0,216.74,
-277.0,317.0,0.0,461.68,294.0,80.32,343.95,2015-04-07 15:21:45.999000,232.0,216.74,
-277.0,317.0,0.0,462.47,295.0,80.32,344.26,2015-04-07 15:21:47.005000,230.11,216.74,
-277.0,317.0,0.0,462.47,295.0,80.32,343.95,2015-04-07 15:21:48.010000,233.37,217.32,
-277.0,317.0,0.0,462.47,295.0,80.32,344.26,2015-04-07 15:21:49.013000,233.37,217.32,
-277.0,317.0,0.0,462.47,295.0,80.32,344.26,2015-04-07 15:21:50.020000,233.53,217.32,
-275.0,316.0,0.0,457.58,290.0,78.53,343.63,2015-04-07 15:21:51.404000,233.53,219.21,
-275.0,316.0,0.0,457.58,290.0,80.47,343.63,2015-04-07 15:21:52.410000,233.53,219.21,
-275.0,316.0,0.0,457.58,290.0,78.53,343.63,2015-04-07 15:21:53.417000,231.0,219.21,
-275.0,316.0,0.0,457.58,290.0,78.53,343.16,2015-04-07 15:21:54.421000,229.42,219.21,
-277.0,316.0,0.0,458.53,291.0,80.47,343.63,2015-04-07 15:21:55.428000,229.42,217.11,
-277.0,314.0,0.0,458.53,291.0,80.47,341.32,2015-04-07 15:21:56.433000,231.0,217.11,
-277.0,314.0,0.0,458.53,291.0,77.84,341.32,2015-04-07 15:21:57.437000,231.0,217.11,
-277.0,319.0,0.0,459.32,292.0,77.53,345.89,2015-04-07 15:21:58.441000,232.11,216.89,
-277.0,319.0,0.0,459.32,292.0,77.53,345.89,2015-04-07 15:21:59.450000,232.11,216.89,
-277.0,319.0,0.0,459.32,292.0,77.53,345.89,2015-04-07 15:22:00.456000,232.11,216.89,
-277.0,319.0,0.0,459.32,292.0,77.53,345.89,2015-04-07 15:22:01.460000,232.11,216.89,
-276.0,315.0,0.0,457.47,290.0,78.63,342.26,2015-04-07 15:22:02.463000,232.11,217.89,
-276.0,315.0,0.0,457.47,290.0,79.79,342.26,2015-04-07 15:22:03.469000,229.68,217.89,
-276.0,315.0,0.0,457.47,290.0,78.63,342.26,2015-04-07 15:22:04.473000,229.16,217.89,
-276.0,314.0,0.0,456.63,289.0,78.63,341.21,2015-04-07 15:22:05.478000,229.68,217.89,
-277.0,314.0,0.0,456.63,289.0,79.79,341.21,2015-04-07 15:22:06.544000,229.68,217.53,
-277.0,314.0,0.0,456.63,289.0,79.79,340.95,2015-04-07 15:22:07.550000,230.79,217.53,
-277.0,314.0,0.0,456.47,289.0,78.26,340.95,2015-04-07 15:22:08.557000,230.79,217.68,
-277.0,318.0,0.0,456.47,289.0,81.11,345.74,2015-04-07 15:22:09.560000,230.79,217.53,
-277.0,318.0,0.0,459.84,292.0,79.05,345.74,2015-04-07 15:22:10.565000,232.0,217.68,
-275.0,314.0,0.0,459.84,292.0,79.05,341.0,2015-04-07 15:22:11.570000,230.53,219.79,
-277.0,318.0,0.0,461.47,294.0,81.11,345.26,2015-04-07 15:22:12.573000,230.53,217.68,
-275.0,314.0,0.0,461.47,294.0,81.11,341.0,2015-04-07 15:22:13.580000,232.0,219.79,
-275.0,314.0,0.0,461.47,294.0,79.05,341.0,2015-04-07 15:22:14.872000,232.0,219.79,
-275.0,318.0,0.0,458.68,291.0,79.53,345.26,2015-04-07 15:22:15.880000,234.26,219.32,
-275.0,318.0,0.0,458.37,291.0,79.53,345.26,2015-04-07 15:22:16.886000,234.26,219.32,
-275.0,320.0,0.0,458.37,291.0,79.53,347.0,2015-04-07 15:22:17.890000,231.68,219.32,
-279.0,320.0,0.0,458.53,291.0,79.53,347.0,2015-04-07 15:22:18.897000,231.68,215.68,
-279.0,317.0,0.0,458.53,291.0,81.16,344.0,2015-04-07 15:22:20.032000,231.68,215.68,
-279.0,317.0,0.0,458.53,291.0,81.16,344.0,2015-04-07 15:22:21.050000,228.32,215.68,
-279.0,317.0,0.0,458.53,291.0,78.74,344.0,2015-04-07 15:22:22.064000,228.32,215.68,
-278.0,316.0,0.0,458.11,290.0,78.74,343.74,2015-04-07 15:22:23.068000,231.37,215.89,
-278.0,316.0,0.0,458.11,290.0,81.68,343.74,2015-04-07 15:22:24.073000,228.32,215.89,
-278.0,317.0,0.0,458.11,290.0,78.16,344.79,2015-04-07 15:22:25.213000,231.37,215.89,
-276.0,316.0,0.0,457.0,289.0,79.74,343.74,2015-04-07 15:22:26.222000,231.37,218.21,
-276.0,317.0,0.0,457.0,289.0,79.74,344.79,2015-04-07 15:22:27.228000,228.05,218.21,
-276.0,317.0,0.0,457.0,289.0,77.26,344.79,2015-04-07 15:22:28.232000,227.47,218.21,
-276.0,314.0,0.0,457.0,289.0,77.26,340.79,2015-04-07 15:22:29.238000,228.05,218.21,
-277.0,314.0,0.0,457.0,289.0,79.74,340.79,2015-04-07 15:22:30.241000,228.05,217.47,
-277.0,316.0,0.0,457.0,289.0,77.26,343.42,2015-04-07 15:22:31.247000,229.0,217.47,
-277.0,316.0,0.0,454.63,287.0,82.26,343.42,2015-04-07 15:22:32.251000,229.0,217.47,
-277.0,318.0,0.0,454.63,287.0,83.26,344.89,2015-04-07 15:22:33.263000,233.32,217.21,
-277.0,318.0,0.0,454.63,287.0,82.26,344.89,2015-04-07 15:22:34.269000,233.32,217.21,
-277.0,318.0,0.0,454.63,287.0,82.26,344.89,2015-04-07 15:22:35.275000,231.79,217.21,
-278.0,319.0,0.0,458.26,291.0,82.26,346.32,2015-04-07 15:22:36.279000,231.79,215.89,
-278.0,319.0,0.0,458.26,291.0,80.21,346.32,2015-04-07 15:22:37.284000,231.79,215.89,
-278.0,319.0,0.0,462.58,295.0,78.79,346.32,2015-04-07 15:22:38.288000,230.58,215.89,
-278.0,319.0,0.0,462.58,295.0,78.16,346.32,2015-04-07 15:22:39.294000,230.58,215.89,
-276.0,317.0,0.0,457.53,290.0,78.16,344.63,2015-04-07 15:22:40.301000,230.58,217.89,
-276.0,317.0,0.0,457.53,290.0,78.79,344.63,2015-04-07 15:22:41.307000,230.58,217.89,
-276.0,317.0,0.0,457.53,290.0,78.16,344.63,2015-04-07 15:22:42.314000,231.95,217.89,
-276.0,317.0,0.0,456.63,289.0,79.05,344.63,2015-04-07 15:22:43.317000,231.95,217.89,
-278.0,319.0,0.0,454.89,287.0,79.95,346.53,2015-04-07 15:22:44.323000,231.95,216.11,
-278.0,319.0,0.0,454.89,287.0,79.95,346.53,2015-04-07 15:22:45.407000,232.37,216.11,
-278.0,320.0,0.0,454.89,287.0,79.95,347.11,2015-04-07 15:22:46.421000,231.95,216.11,
-278.0,317.0,0.0,458.58,291.0,84.74,344.11,2015-04-07 15:22:49.779000,236.0,216.26,
-278.0,317.0,0.0,458.58,291.0,84.74,344.11,2015-04-07 15:22:50.805000,234.32,216.26,
-278.0,317.0,0.0,458.58,291.0,84.74,344.16,2015-04-07 15:22:52.212000,230.53,216.26,
-276.0,317.0,0.0,457.89,290.0,84.47,344.16,2015-04-07 15:22:53.229000,227.21,218.0,
-276.0,317.0,0.0,457.89,290.0,84.47,344.74,2015-04-07 15:22:54.244000,227.21,218.0,
-276.0,317.0,0.0,457.89,290.0,84.47,344.74,2015-04-07 15:22:55.248000,230.53,218.0,
-276.0,317.0,0.0,457.89,290.0,77.84,344.74,2015-04-07 15:22:56.254000,230.53,218.0,
-278.0,319.0,0.0,457.63,290.0,77.74,346.68,2015-04-07 15:22:57.379000,229.11,215.74,
-278.0,319.0,0.0,457.63,290.0,75.79,346.68,2015-04-07 15:22:58.390000,229.11,215.74,
-278.0,319.0,0.0,457.63,290.0,75.79,346.68,2015-04-07 15:22:59.393000,222.79,216.16,
-278.0,319.0,0.0,458.53,291.0,76.84,346.68,2015-04-07 15:23:00.397000,222.79,216.16,
-278.0,317.0,0.0,457.63,290.0,77.74,344.68,2015-04-07 15:23:01.401000,229.05,216.21,
-278.0,317.0,0.0,458.53,291.0,78.84,344.68,2015-04-07 15:23:02.821000,225.0,216.21,
-278.0,317.0,0.0,458.53,291.0,78.84,344.68,2015-04-07 15:23:03.827000,229.05,216.21,
-275.0,316.0,0.0,456.42,289.0,78.84,343.05,2015-04-07 15:23:04.842000,229.05,218.95,
-275.0,316.0,0.0,456.42,289.0,80.26,343.05,2015-04-07 15:23:06.219000,229.05,218.95,
-275.0,314.0,0.0,456.42,289.0,80.26,341.47,2015-04-07 15:23:07.240000,231.16,218.95,
-275.0,314.0,0.0,454.79,287.0,78.53,341.47,2015-04-07 15:23:08.252000,231.16,218.95,
-278.0,320.0,0.0,454.79,287.0,79.47,347.32,2015-04-07 15:23:09.256000,230.58,216.26,
-278.0,320.0,0.0,453.84,286.0,79.47,347.32,2015-04-07 15:23:10.262000,232.89,216.26,
-276.0,321.0,0.0,453.84,286.0,79.47,348.05,2015-04-07 15:23:11.266000,230.58,218.79,
-278.0,321.0,0.0,456.26,289.0,79.47,348.05,2015-04-07 15:23:12.270000,230.58,216.26,
-276.0,319.0,0.0,456.26,289.0,79.47,346.84,2015-04-07 15:23:13.275000,230.58,218.79,
-276.0,319.0,0.0,456.26,289.0,80.63,346.84,2015-04-07 15:23:14.279000,228.32,218.79,
-276.0,319.0,0.0,456.26,289.0,78.89,346.84,2015-04-07 15:23:15.281000,228.32,218.79,
-276.0,316.0,0.0,455.53,288.0,78.89,343.05,2015-04-07 15:23:16.395000,230.11,218.21,
-276.0,316.0,0.0,455.53,288.0,80.84,343.05,2015-04-07 15:23:17.405000,230.11,218.21,
-276.0,317.0,0.0,455.53,288.0,80.84,343.95,2015-04-07 15:23:18.410000,231.11,218.21,
-275.0,317.0,0.0,452.37,285.0,79.58,343.95,2015-04-07 15:23:19.415000,231.11,218.95,
-276.0,319.0,0.0,452.37,285.0,79.74,346.89,2015-04-07 15:23:20.420000,231.63,218.21,
-275.0,319.0,0.0,454.47,287.0,79.58,346.89,2015-04-07 15:23:21.424000,231.63,218.95,
-275.0,319.0,0.0,454.47,287.0,79.58,346.89,2015-04-07 15:23:22.428000,225.58,218.95,
-278.0,319.0,0.0,456.21,289.0,79.58,346.89,2015-04-07 15:23:23.433000,225.58,215.95,
-278.0,319.0,0.0,456.21,289.0,78.95,346.63,2015-04-07 15:23:24.775000,231.63,215.95,
-278.0,319.0,0.0,456.21,289.0,77.05,346.63,2015-04-07 15:23:25.783000,225.58,215.95,
-279.0,319.0,0.0,456.21,289.0,77.05,346.63,2015-04-07 15:23:26.786000,228.58,215.05,
-279.0,318.0,0.0,453.11,286.0,77.05,345.42,2015-04-07 15:23:27.790000,228.58,215.05,
-278.0,318.0,0.0,453.11,286.0,78.95,345.42,2015-04-07 15:23:28.796000,228.58,215.74,
-278.0,318.0,0.0,453.11,286.0,76.68,345.42,2015-04-07 15:23:29.811000,228.58,215.74,
-276.0,316.0,0.0,452.74,285.0,77.11,343.68,2015-04-07 15:23:30.820000,228.58,218.21,
-276.0,316.0,0.0,452.74,285.0,77.68,343.68,2015-04-07 15:23:31.825000,225.95,218.21,
-276.0,316.0,0.0,452.74,285.0,77.11,343.68,2015-04-07 15:23:33.231000,223.42,218.21,
-276.0,315.0,0.0,452.74,285.0,77.11,341.79,2015-04-07 15:23:34.250000,223.42,218.21,
-277.0,315.0,0.0,452.74,285.0,77.68,341.79,2015-04-07 15:23:35.265000,223.42,217.16,
-277.0,315.0,0.0,452.74,285.0,77.68,341.79,2015-04-07 15:23:36.269000,225.26,217.16,
-277.0,315.0,0.0,452.05,284.0,74.47,341.79,2015-04-07 15:23:37.275000,225.26,217.16,
-278.0,319.0,0.0,452.05,284.0,79.21,346.89,2015-04-07 15:23:38.281000,228.21,215.95,
-278.0,319.0,0.0,452.05,284.0,79.0,346.89,2015-04-07 15:23:39.285000,228.21,215.95,
-278.0,319.0,0.0,452.05,284.0,79.0,346.89,2015-04-07 15:23:40.291000,226.68,216.0,
-278.0,319.0,0.0,452.37,285.0,79.0,346.89,2015-04-07 15:23:41.661000,226.68,216.0,
-277.0,317.0,0.0,452.37,285.0,79.0,344.68,2015-04-07 15:23:42.675000,226.68,217.16,
-277.0,317.0,0.0,452.37,285.0,77.16,344.68,2015-04-07 15:23:43.689000,224.95,217.16,
-277.0,317.0,0.0,452.37,285.0,77.11,344.68,2015-04-07 15:23:44.693000,224.95,217.16,
-277.0,317.0,0.0,452.37,285.0,77.11,344.68,2015-04-07 15:23:45.699000,223.37,217.16,
-278.0,318.0,0.0,450.0,283.0,77.16,344.95,2015-04-07 15:23:46.745000,223.37,216.47,
-278.0,318.0,0.0,450.0,283.0,77.11,344.95,2015-04-07 15:23:47.763000,226.26,216.47,
-278.0,318.0,0.0,450.0,283.0,76.0,344.95,2015-04-07 15:23:48.777000,226.26,216.47,
-278.0,318.0,0.0,450.63,283.0,76.0,344.95,2015-04-07 15:23:49.781000,226.26,216.47,
-276.0,316.0,0.0,449.63,282.0,76.0,342.84,2015-04-07 15:23:50.787000,226.26,218.05,
-276.0,316.0,0.0,450.63,283.0,76.0,342.84,2015-04-07 15:23:51.793000,226.26,218.05,
-276.0,316.0,0.0,450.63,283.0,75.21,342.84,2015-04-07 15:23:52.796000,226.26,218.05,
-276.0,316.0,0.0,450.63,283.0,76.79,342.84,2015-04-07 15:23:53.802000,226.26,218.05,
-282.0,310.0,0.0,447.95,281.0,94.74,336.63,2015-04-07 15:51:58.159000,239.16,212.47,
-279.0,316.0,0.0,457.05,289.0,167.84,342.84,2015-04-07 15:51:59.164000,362.79,215.0,
-281.0,311.0,0.0,453.39,286.0,140.76,337.92,2015-04-07 15:52:00.177000,315.5,213.63,
-282.0,309.0,0.0,449.74,282.0,113.68,336.42,2015-04-07 15:52:01.183000,268.21,212.53,
-281.0,311.0,0.0,449.71,282.0,102.53,338.55,2015-04-07 15:52:02.190000,255.68,212.92,
-282.0,309.0,0.0,449.74,282.0,91.37,336.42,2015-04-07 15:52:03.196000,243.16,212.53,
-282.0,309.0,0.0,449.68,282.0,87.16,336.21,2015-04-07 15:52:04.202000,236.05,212.26,
-279.0,312.0,0.0,451.0,283.0,163.89,338.84,2015-04-07 15:52:07.533000,355.68,215.53,
-280.0,310.0,0.0,450.92,283.0,137.05,337.32,2015-04-07 15:52:08.539000,310.74,214.03,
-282.0,312.0,0.0,450.84,283.0,110.21,338.84,2015-04-07 15:52:09.545000,265.79,212.53,
-282.0,311.0,0.0,448.53,281.0,99.92,338.05,2015-04-07 15:52:10.550000,252.53,212.5,
-282.0,310.0,0.0,446.84,279.0,89.63,337.26,2015-04-07 15:52:11.553000,239.26,212.47,
-282.0,309.0,0.0,446.84,279.0,89.63,335.79,2015-04-07 15:52:12.208000,232.0,212.11,
-282.0,308.0,0.0,446.84,279.0,88.47,335.16,2015-04-07 15:52:12.557000,231.68,212.11,
-282.0,308.0,0.0,446.95,280.0,85.63,335.16,2015-04-07 15:52:13.218000,231.68,212.11,
-282.0,308.0,0.0,446.95,280.0,86.84,335.16,2015-04-07 15:52:13.952000,232.0,212.26,
-282.0,309.0,0.0,446.95,280.0,88.47,335.84,2015-04-07 15:52:14.755000,232.0,212.47,
-282.0,309.0,0.0,446.95,280.0,88.47,335.84,2015-04-07 15:52:15.559000,232.0,212.47,
-282.0,309.0,0.0,446.95,280.0,89.16,335.84,2015-04-07 15:52:16.565000,233.84,212.47,
-282.0,308.0,0.0,448.05,281.0,89.16,335.11,2015-04-07 15:52:17.571000,233.84,212.47,
-282.0,308.0,0.0,448.05,281.0,89.16,335.11,2015-04-07 15:52:18.577000,234.0,212.47,
-282.0,308.0,0.0,448.05,281.0,86.95,335.11,2015-04-07 15:52:19.583000,234.0,212.16,
-282.0,308.0,0.0,448.05,281.0,86.74,335.11,2015-04-07 15:52:20.589000,234.0,212.16,
-282.0,307.0,0.0,448.05,281.0,86.74,334.21,2015-04-07 15:52:21.593000,234.0,212.11,
-282.0,307.0,0.0,447.63,280.0,85.89,334.47,2015-04-07 15:52:22.599000,234.0,212.11,
-282.0,307.0,0.0,448.42,281.0,85.89,334.47,2015-04-07 15:52:23.605000,232.42,212.11,
-282.0,307.0,0.0,447.63,280.0,84.84,334.47,2015-04-07 15:52:24.610000,232.42,212.26,
-282.0,307.0,0.0,445.68,278.0,85.89,334.47,2015-04-07 15:52:25.616000,232.42,212.26,
-282.0,307.0,0.0,445.68,278.0,85.89,334.47,2015-04-07 15:52:26.622000,232.42,212.32,
-282.0,310.0,0.0,447.89,280.0,87.42,336.63,2015-04-07 15:52:27.628000,232.42,212.32,
-282.0,309.0,0.0,446.53,279.0,87.42,336.32,2015-04-07 15:52:28.634000,232.26,212.47,
-282.0,309.0,0.0,446.53,279.0,87.42,336.32,2015-04-07 15:52:29.640000,232.26,212.47,
-282.0,308.0,0.0,446.58,279.0,91.58,335.16,2015-04-07 15:52:34.603000,232.95,212.16,
-282.0,308.0,0.0,446.58,279.0,91.58,335.16,2015-04-07 15:52:36.608000,232.95,212.16,
-276.0,315.0,0.0,453.16,286.0,167.21,341.84,2015-04-07 15:52:37.614000,363.0,218.47,
-279.0,313.0,0.0,449.58,282.0,135.68,340.66,2015-04-07 15:52:38.617000,311.34,215.29,
-282.0,312.0,0.0,448.11,281.0,104.16,339.47,2015-04-07 15:52:39.624000,259.68,212.11,
-282.0,310.0,0.0,448.42,281.0,98.42,337.42,2015-04-07 15:52:40.629000,247.84,211.92,
-282.0,308.0,0.0,448.74,281.0,92.68,335.37,2015-04-07 15:52:41.635000,237.68,212.11,
-282.0,308.0,0.0,448.11,281.0,91.63,335.37,2015-04-07 15:52:42.641000,236.0,212.11,
-282.0,308.0,0.0,448.11,281.0,91.58,335.37,2015-04-07 15:52:43.647000,235.53,212.0,
-282.0,309.0,0.0,447.84,280.0,90.53,335.95,2015-04-07 15:52:44.653000,234.74,212.0,
-282.0,309.0,0.0,447.84,280.0,90.53,335.95,2015-04-07 15:52:45.660000,232.42,212.0,
-282.0,309.0,0.0,447.84,280.0,90.53,335.95,2015-04-07 15:52:46.663000,232.42,212.0,
-282.0,309.0,0.0,447.74,280.0,87.47,336.21,2015-04-07 15:52:47.667000,232.42,212.0,
-282.0,309.0,0.0,447.74,280.0,87.47,336.21,2015-04-07 15:52:48.672000,232.0,212.11,
-281.0,309.0,0.0,447.74,280.0,87.47,336.21,2015-04-07 15:52:49.678000,232.0,213.05,
-281.0,310.0,0.0,447.74,280.0,87.47,336.63,2015-04-07 15:52:50.685000,230.68,213.11,
-281.0,310.0,0.0,447.74,280.0,87.47,336.63,2015-04-07 15:52:51.692000,230.68,213.11,
-281.0,310.0,0.0,447.84,280.0,89.89,336.63,2015-04-07 15:52:52.696000,230.68,212.79,
-281.0,310.0,0.0,447.84,280.0,89.89,336.63,2015-04-07 15:52:53.699000,230.68,212.79,
-281.0,309.0,0.0,447.84,280.0,89.89,336.42,2015-04-07 15:52:54.702000,234.47,212.79,
-282.0,309.0,0.0,447.84,280.0,89.89,335.84,2015-04-07 15:52:55.708000,234.47,212.11,
-282.0,308.0,0.0,447.84,280.0,89.89,335.16,2015-04-07 15:52:56.714000,234.47,211.79,
-282.0,309.0,0.0,448.32,281.0,88.89,335.84,2015-04-07 15:52:57.718000,233.11,211.79,
-282.0,309.0,0.0,448.32,281.0,88.89,335.84,2015-04-07 15:52:58.721000,233.89,212.05,
-282.0,309.0,0.0,448.32,281.0,87.74,335.68,2015-04-07 15:52:59.725000,233.11,212.05,
-281.0,311.0,0.0,448.11,281.0,87.74,337.79,2015-04-07 15:53:00.730000,233.89,212.79,
-281.0,311.0,0.0,447.47,280.0,87.74,337.79,2015-04-07 15:53:01.736000,233.89,212.79,
-282.0,309.0,0.0,447.47,280.0,88.95,335.68,2015-04-07 15:53:02.742000,234.11,212.05,
-282.0,308.0,0.0,447.47,280.0,88.95,335.26,2015-04-07 15:53:03.746000,238.0,212.37,
-282.0,308.0,0.0,447.26,280.0,88.95,335.26,2015-04-07 15:53:04.750000,238.0,212.37,
-282.0,308.0,0.0,447.26,280.0,87.89,335.26,2015-04-07 15:53:05.754000,238.0,211.95,
-282.0,308.0,0.0,446.11,279.0,87.89,335.26,2015-04-07 15:53:06.760000,232.16,212.32,
-282.0,309.0,0.0,446.11,279.0,87.89,336.42,2015-04-07 15:53:07.765000,232.16,212.37,
-281.0,309.0,0.0,446.11,279.0,88.84,336.42,2015-04-07 15:53:08.770000,232.16,213.21,
-282.0,309.0,0.0,448.74,281.0,90.16,336.42,2015-04-07 15:53:09.776000,235.37,212.32,
-282.0,310.0,0.0,448.74,281.0,90.16,337.58,2015-04-07 15:53:10.783000,235.37,212.42,
-282.0,311.0,0.0,448.74,281.0,90.16,337.95,2015-04-07 15:53:11.787000,235.37,212.42,
-282.0,310.0,0.0,446.58,279.0,90.16,337.58,2015-04-07 15:53:12.792000,235.05,212.0,
-282.0,310.0,0.0,446.58,279.0,90.16,337.58,2015-04-07 15:53:13.798000,235.05,212.0,
-282.0,308.0,0.0,446.58,279.0,91.37,335.53,2015-04-07 15:53:14.804000,235.05,212.05,
-282.0,308.0,0.0,447.53,280.0,92.0,335.53,2015-04-07 15:53:15.813000,236.0,212.05,
-282.0,308.0,0.0,447.53,280.0,92.0,335.53,2015-04-07 15:53:16.820000,236.0,212.05,
-282.0,312.0,0.0,449.0,282.0,91.37,339.37,2015-04-07 15:53:17.823000,236.79,212.32,
-282.0,312.0,0.0,447.53,280.0,90.47,339.37,2015-04-07 15:53:18.830000,236.79,212.58,
-281.0,312.0,0.0,447.53,280.0,90.32,339.37,2015-04-07 15:53:19.833000,236.32,213.11,
-281.0,312.0,0.0,450.05,283.0,89.95,339.26,2015-04-07 15:53:20.837000,236.32,212.63,
-281.0,312.0,0.0,450.05,283.0,88.53,339.26,2015-04-07 15:53:21.840000,236.32,213.11,
-281.0,312.0,0.0,450.47,283.0,88.0,339.26,2015-04-07 15:53:22.846000,233.16,213.11,
-281.0,312.0,0.0,450.47,283.0,88.0,339.26,2015-04-07 15:53:23.852000,236.32,213.11,
-281.0,315.0,0.0,450.47,283.0,88.0,342.42,2015-04-07 15:53:24.858000,236.47,213.47,
-279.0,315.0,0.0,455.21,288.0,86.16,342.42,2015-04-07 15:53:25.864000,234.32,215.47,
-279.0,314.0,0.0,455.21,288.0,86.16,341.37,2015-04-07 15:53:26.871000,234.32,215.47,
-279.0,314.0,0.0,454.63,287.0,81.74,341.37,2015-04-07 15:53:27.876000,234.32,215.47,
-279.0,316.0,0.0,454.95,287.0,81.74,343.26,2015-04-07 15:53:28.882000,234.32,215.47,
-278.0,314.0,0.0,454.63,287.0,81.74,341.37,2015-04-07 15:53:29.889000,234.32,216.42,
-278.0,316.0,0.0,454.63,287.0,87.11,343.26,2015-04-07 15:53:30.895000,235.89,216.42,
-278.0,316.0,0.0,454.63,287.0,87.11,343.26,2015-04-07 15:53:31.901000,237.11,216.42,
-277.0,316.0,0.0,448.79,281.0,87.11,343.05,2015-04-07 15:53:32.905000,237.11,217.47,
-277.0,316.0,0.0,448.79,281.0,86.16,343.05,2015-04-07 15:53:33.911000,237.11,217.47,
-276.0,316.0,0.0,451.32,284.0,86.16,343.05,2015-04-07 15:53:34.915000,237.11,218.16,
-276.0,313.0,0.0,451.32,284.0,86.16,340.58,2015-04-07 15:53:35.918000,237.58,218.16,
-278.0,316.0,0.0,453.32,286.0,84.05,343.05,2015-04-07 15:53:36.924000,237.63,216.42,
-278.0,313.0,0.0,453.32,286.0,84.05,340.58,2015-04-07 15:53:37.931000,237.63,216.42,
-278.0,313.0,0.0,453.32,286.0,84.05,340.58,2015-04-07 15:53:38.937000,237.63,216.42,
-279.0,318.0,0.0,454.84,287.0,84.05,345.68,2015-04-07 15:53:39.943000,236.84,215.05,
-279.0,318.0,0.0,454.84,287.0,84.05,345.68,2015-04-07 15:53:40.947000,236.84,215.05,
-279.0,318.0,0.0,454.84,287.0,83.95,345.68,2015-04-07 15:53:41.950000,234.37,215.05,
-279.0,318.0,0.0,454.84,287.0,83.95,345.68,2015-04-07 15:53:42.952000,234.37,215.05,
-277.0,315.0,0.0,453.11,286.0,83.95,342.68,2015-04-07 15:53:43.955000,234.37,217.47,
-277.0,315.0,0.0,453.11,286.0,83.95,342.68,2015-04-07 15:53:44.959000,232.84,217.47,
-277.0,315.0,0.0,453.11,286.0,83.95,342.68,2015-04-07 15:53:45.966000,232.84,217.47,
-277.0,315.0,0.0,452.63,285.0,85.26,342.68,2015-04-07 15:53:46.972000,231.0,217.47,
-277.0,316.0,0.0,452.63,285.0,85.26,342.79,2015-04-07 15:53:47.978000,231.0,217.21,
-277.0,316.0,0.0,452.63,285.0,85.26,342.79,2015-04-07 15:53:48.984000,233.74,217.21,
-277.0,316.0,0.0,450.63,283.0,85.21,342.79,2015-04-07 15:53:49.990000,233.74,217.21,
-279.0,317.0,0.0,450.63,283.0,82.21,344.68,2015-04-07 15:53:50.996000,231.0,215.05,
-279.0,317.0,0.0,448.74,281.0,82.21,344.68,2015-04-07 15:53:52,233.74,215.05,
-279.0,317.0,0.0,448.74,281.0,82.21,344.63,2015-04-07 15:53:53.006000,233.74,215.05,
-279.0,317.0,0.0,456.74,289.0,83.68,344.68,2015-04-07 15:53:54.012000,235.58,215.05,
-279.0,317.0,0.0,456.74,289.0,83.68,344.63,2015-04-07 15:53:55.019000,235.58,215.26,
-279.0,317.0,0.0,453.84,286.0,83.68,344.63,2015-04-07 15:53:56.025000,235.58,215.26,
-279.0,317.0,0.0,456.26,289.0,83.68,344.63,2015-04-07 15:53:57.034000,235.58,215.26,
-277.0,314.0,0.0,455.16,288.0,83.68,341.32,2015-04-07 15:53:58.040000,234.47,217.42,
-277.0,314.0,0.0,455.16,288.0,83.95,341.32,2015-04-07 15:53:59.045000,234.47,217.42,
-277.0,314.0,0.0,455.16,288.0,83.95,341.63,2015-04-07 15:54:00.051000,235.68,217.42,
-279.0,310.0,0.0,448.24,281.0,139.92,337.03,2015-04-07 15:54:03.696000,312.71,215.61,
-281.0,309.0,0.0,447.95,281.0,111.53,335.84,2015-04-07 15:54:04.702000,266.32,213.05,
-281.0,310.0,0.0,448.42,281.0,103.13,336.87,2015-04-07 15:54:05.708000,252.92,212.74,
-282.0,310.0,0.0,447.95,281.0,94.74,337.37,2015-04-07 15:54:06.714000,239.53,212.42,
-282.0,309.0,0.0,448.89,281.0,94.74,335.84,2015-04-07 15:54:07.719000,237.63,212.05,
-282.0,309.0,0.0,449.0,282.0,92.47,335.84,2015-04-07 15:54:08.725000,237.63,212.05,
-282.0,309.0,0.0,449.0,282.0,91.11,336.47,2015-04-07 15:54:09.731000,237.63,212.05,
-282.0,309.0,0.0,447.21,280.0,91.11,336.47,2015-04-07 15:54:10.737000,237.0,212.21,
-282.0,309.0,0.0,447.68,280.0,90.95,335.95,2015-04-07 15:54:11.744000,237.0,212.26,
-282.0,309.0,0.0,447.11,280.0,90.95,335.95,2015-04-07 15:54:12.748000,237.0,212.26,
-282.0,309.0,0.0,447.11,280.0,90.95,335.95,2015-04-07 15:54:13.124000,237.0,212.26,
-282.0,308.0,0.0,447.21,280.0,91.84,335.32,2015-04-07 15:54:13.752000,237.0,212.26,
-282.0,308.0,0.0,447.21,280.0,91.84,335.32,2015-04-07 15:54:14.136000,237.0,212.26,
-282.0,308.0,0.0,447.05,280.0,92.16,335.32,2015-04-07 15:54:14.755000,237.0,211.95,
-282.0,308.0,0.0,447.21,280.0,92.16,335.32,2015-04-07 15:54:15.144000,234.0,211.95,
-282.0,308.0,0.0,447.21,280.0,92.16,335.32,2015-04-07 15:54:15.761000,234.0,211.95,
-282.0,308.0,0.0,447.84,280.0,92.53,334.58,2015-04-07 15:54:16.343000,234.0,212.42,
-282.0,308.0,0.0,447.84,280.0,92.53,334.58,2015-04-07 15:54:17.147000,234.0,211.95,
-282.0,308.0,0.0,447.84,280.0,92.53,334.58,2015-04-07 15:54:18.153000,234.0,212.0,
-282.0,308.0,0.0,447.84,280.0,89.95,334.58,2015-04-07 15:54:19.158000,233.26,212.0,
-282.0,308.0,0.0,447.84,280.0,89.95,334.58,2015-04-07 15:54:20.164000,233.26,212.0,
-282.0,308.0,0.0,448.0,281.0,89.95,334.95,2015-04-07 15:54:21.170000,233.26,212.0,
-282.0,308.0,0.0,448.0,281.0,89.89,334.95,2015-04-07 15:54:22.176000,235.84,212.0,
-282.0,308.0,0.0,448.0,281.0,89.89,334.95,2015-04-07 15:54:23.182000,235.84,212.0,
-282.0,309.0,0.0,447.84,280.0,90.21,336.32,2015-04-07 15:54:24.188000,235.84,212.58,
-282.0,309.0,0.0,447.84,280.0,90.21,336.32,2015-04-07 15:54:25.194000,235.0,212.58,
-282.0,310.0,0.0,447.84,280.0,90.21,337.05,2015-04-07 15:54:26.200000,233.95,212.16,
-282.0,309.0,0.0,447.79,280.0,90.53,336.32,2015-04-07 15:54:27.206000,233.95,212.32,
-282.0,309.0,0.0,447.79,280.0,90.53,336.32,2015-04-07 15:54:28.211000,235.0,212.32,
-282.0,310.0,0.0,447.79,280.0,90.53,337.05,2015-04-07 15:54:29.218000,235.0,212.32,
-282.0,310.0,0.0,447.21,280.0,90.0,337.05,2015-04-07 15:54:30.223000,233.95,212.16,
-282.0,308.0,0.0,447.21,280.0,90.0,334.79,2015-04-07 15:54:31.229000,236.0,211.63,
-282.0,308.0,0.0,447.21,280.0,90.0,334.74,2015-04-07 15:54:32.235000,236.0,211.63,
